PRAGMA foreign_keys=OFF;
BEGIN TRANSACTION;
CREATE TABLE TEAM (
 team_id INTEGER NOT NULL,
 team_name VARCHAR(32) NOT NULL,
 abbreviation VARCHAR(8) NOT NULL,
 CONSTRAINT PK__TEAM PRIMARY KEY (team_id)
);
INSERT INTO TEAM VALUES(1,'CBT Monsters','CBT');
INSERT INTO TEAM VALUES(2,'Chemistry','Chem');
INSERT INTO TEAM VALUES(3,'Entropic Thunder','ET');
INSERT INTO TEAM VALUES(4,'GRA','GRA');
INSERT INTO TEAM VALUES(5,'NCNR Nasty Neutrons','NCNR');
INSERT INTO TEAM VALUES(6,'OC Bombers','OCB');
INSERT INTO TEAM VALUES(7,'The Screwballs','SB');
CREATE TABLE PERSON (
 person_id INTEGER NOT NULL,
 first_name VARCHAR(32) NOT NULL,
 middle_name VARCHAR(32),
 last_name VARCHAR(32) NOT NULL,
 phone CHAR(10),
 email VARCHAR(128),
 CONSTRAINT PK__PERSON PRIMARY KEY (person_id)
);
INSERT INTO PERSON VALUES(1,'Austin',NULL,'Snelick','3019752874','austin.snelick@nist.gov');
INSERT INTO PERSON VALUES(2,'Jeff',NULL,'Krzywon','3019756650','jeffery.krzywon@nist.gov');
INSERT INTO PERSON VALUES(3,'Jim',NULL,'Filliben','3019752855','james.filliben@nist.gov');
INSERT INTO PERSON VALUES(4,'Carolyn',NULL,'Burdette','3019754756','carolyn.burdette@nist.gov');
INSERT INTO PERSON VALUES(5,'Chris',NULL,'Stafford','3019753281','chris.stafford@nist.gov');
INSERT INTO PERSON VALUES(6,'Jack',NULL,'Glover','3019758821','jack.glover@nist.gov');
INSERT INTO PERSON VALUES(7,'Katie',NULL,'Weigandt','3019758396','kathleen.weigandt@nist.gov');
INSERT INTO PERSON VALUES(8,'Ryan',NULL,'Falkenstein-Smith','3019756899','ryan.falkenstein-smith@nist.gov');
INSERT INTO PERSON VALUES(9,'Chad',NULL,'Gurney',NULL,'cgurney@hanselphelps.com');
INSERT INTO PERSON VALUES(10,'Jesse',NULL,'Bolt',NULL,NULL);
INSERT INTO PERSON VALUES(11,'Andy',NULL,'Perry',NULL,NULL);
INSERT INTO PERSON VALUES(12,'Dinis',NULL,'Camara','3019752205','dinis.camara@nist.gov');
INSERT INTO PERSON VALUES(13,'Corey',NULL,'Stambaugh','3019753281','corey.stambaugh@nist.gov');
CREATE TABLE TEAM_SEASON (
 team_season_id INTEGER NOT NULL,
 year CHAR(4) NOT NULL,
 team_id INTEGER NOT NULL,
 wins INTEGER,
 losses INTEGER,
 ties INTEGER,
 place INTEGER,
 away_wins INTEGER,
 away_losses INTEGER,
 away_ties INTEGER,
 home_wins INTEGER,
 home_losses INTEGER,
 home_ties INTEGER,
 runs_scored INTEGER,
 runs_allowed INTEGER,
 CONSTRAINT PK__TEAM_SEASON PRIMARY KEY (team_season_id),
 CONSTRAINT FK__TEAM_SEASON__TEAM FOREIGN KEY (team_id) REFERENCES TEAM
);
INSERT INTO TEAM_SEASON VALUES(1,'2019',1,9,6,0,2,4,4,0,5,2,0,215,156);
INSERT INTO TEAM_SEASON VALUES(2,'2019',2,14,1,0,1,8,0,0,6,1,0,211,125);
INSERT INTO TEAM_SEASON VALUES(3,'2019',3,6,9,0,5,2,5,0,4,4,0,173,200);
INSERT INTO TEAM_SEASON VALUES(4,'2019',4,9,7,0,3,4,4,0,5,3,0,207,190);
INSERT INTO TEAM_SEASON VALUES(5,'2019',5,1,14,0,7,0,6,0,1,7,0,139,241);
INSERT INTO TEAM_SEASON VALUES(6,'2019',6,6,10,0,6,2,6,0,4,4,0,156,226);
INSERT INTO TEAM_SEASON VALUES(7,'2019',7,9,7,0,4,4,4,0,5,3,0,237,204);
CREATE TABLE MANAGER (
 manager_id INTEGER NOT NULL,
 team_season_id INTEGER NOT NULL,
 person_id INTEGER NOT NULL,
 CONSTRAINT PK__MANAGER PRIMARY KEY (manager_id),
 CONSTRAINT FK__MANAGER__TEAM_SEASON FOREIGN KEY (team_season_id) REFERENCES TEAM_SEASON,
 CONSTRAINT FK__MANAGER__PERSON FOREIGN KEY (person_id) REFERENCES PERSON
);
INSERT INTO MANAGER VALUES(1,1,3);
INSERT INTO MANAGER VALUES(2,2,4);
INSERT INTO MANAGER VALUES(3,3,5);
INSERT INTO MANAGER VALUES(4,4,6);
INSERT INTO MANAGER VALUES(5,5,7);
INSERT INTO MANAGER VALUES(6,6,8);
INSERT INTO MANAGER VALUES(7,7,9);
INSERT INTO MANAGER VALUES(8,7,10);
INSERT INTO MANAGER VALUES(9,3,13);
CREATE TABLE COMMISSIONER (
 commissioner_id INTEGER NOT NULL,
 person_id INTEGER NOT NULL,
 CONSTRAINT PK__COMMISSIONER PRIMARY KEY (commissioner_id),
 CONSTRAINT FK__COMMISSIONER__PERSON FOREIGN KEY (person_id) REFERENCES PERSON
);
INSERT INTO COMMISSIONER VALUES(1,1);
INSERT INTO COMMISSIONER VALUES(2,2);
CREATE TABLE COMMISSIONER_SEASON (
 commissioner_season_id INTEGER NOT NULL,
 commissioner_id INTEGER NOT NULL,
 year CHAR(4) NOT NULL,
 assistant BOOLEAN NOT NULL DEFAULT 0,
 co_commissioner BOOLEAN NOT NULL DEFAULT 0,
 CONSTRAINT PK__COMMISSIONER_SEASON PRIMARY KEY (commissioner_season_id),
 CONSTRAINT FK__COMMISSIONER_SEASON__COMMISSIONER FOREIGN KEY (commissioner_id) REFERENCES COMMISSIONER
);
INSERT INTO COMMISSIONER_SEASON VALUES(1,1,'2019',1,0);
INSERT INTO COMMISSIONER_SEASON VALUES(2,2,'2019',0,0);
INSERT INTO COMMISSIONER_SEASON VALUES(3,1,'2020',0,0);
INSERT INTO COMMISSIONER_SEASON VALUES(4,2,'2020',1,0);
CREATE TABLE SEASON_RESULTS (
 season_results_id INTEGER NOT NULL,
 year CHAR(4) NOT NULL,
 season_champs_team_id INTEGER,
 tournament_champs_team_id INTEGER,
 CONSTRAINT PK__SEASON_RESULTS PRIMARY KEY (season_results_id),
 CONSTRAINT FK__SEASON_RESULTS__SEASON_CHAMP FOREIGN KEY (season_champs_team_id) REFERENCES TEAM,
 CONSTRAINT FK__SEASON_RESULTS__TOURNAMENT_CHAMP FOREIGN KEY (tournament_champs_team_id) REFERENCES TEAM
);
INSERT INTO SEASON_RESULTS VALUES(1,'2019',2,4);
CREATE TABLE GAME (
 game_id INTEGER NOT NULL,
 year CHAR(4) NOT NULL,
 date_time DATETIME NOT NULL,
 week VARCHAR(16) NOT NULL,
 field CHAR(1) NOT NULL,
 away_team_id INTEGER NOT NULL,
 away_score INTEGER,
 home_team_id INTEGER NOT NULL,
 home_score INTEGER,
 umpire_team_id INTEGER NOT NULL,
 completed BOOLEAN NOT NULL DEFAULT 0,
 comment VARCHAR(128),
 CONSTRAINT PK__GAME PRIMARY KEY (game_id),
 CONSTRAINT FK__GAME__AWAY_TEAM FOREIGN KEY (away_team_id) REFERENCES TEAM,
 CONSTRAINT FK__GAME__HOME_TEAM FOREIGN KEY (home_team_id) REFERENCES TEAM,
 CONSTRAINT FK__GAME__UMPIRE_TEAM FOREIGN KEY (umpire_team_id) REFERENCES TEAM
);
INSERT INTO GAME VALUES(1,'2019','2019-04-30-17:30','1','1',2,10,6,6,4,1,NULL);
INSERT INTO GAME VALUES(2,'2019','2019-04-30-17:30','1','2',1,14,3,15,5,1,'8 innings');
INSERT INTO GAME VALUES(3,'2019','2019-05-02-17:30','1','1',4,NULL,1,NULL,3,0,'PPD');
INSERT INTO GAME VALUES(4,'2019','2019-05-02-17:30','1','2',5,NULL,7,NULL,2,0,'PPD to 6/25');
INSERT INTO GAME VALUES(5,'2019','2019-05-07-17:30','2','1',3,16,5,13,1,1,NULL);
INSERT INTO GAME VALUES(6,'2019','2019-05-07-17:30','2','2',2,10,4,7,7,1,NULL);
INSERT INTO GAME VALUES(7,'2019','2019-05-09-17:30','2','1',7,7,2,10,5,1,NULL);
INSERT INTO GAME VALUES(8,'2019','2019-05-09-17:30','2','2',6,9,1,19,4,1,NULL);
INSERT INTO GAME VALUES(9,'2019','2019-05-14-17:30','3','1',1,17,7,18,2,1,'8 innings');
INSERT INTO GAME VALUES(10,'2019','2019-05-14-17:30','3','2',4,15,5,5,6,1,NULL);
INSERT INTO GAME VALUES(11,'2019','2019-05-16-17:30','3','1',5,5,6,13,7,1,NULL);
INSERT INTO GAME VALUES(12,'2019','2019-05-16-17:30','3','2',3,9,2,11,1,1,NULL);
INSERT INTO GAME VALUES(13,'2019','2019-05-21-17:30','4','1',7,16,4,17,6,1,NULL);
INSERT INTO GAME VALUES(14,'2019','2019-05-21-17:30','4','2',2,19,1,9,3,1,NULL);
INSERT INTO GAME VALUES(15,'2019','2019-05-23-17:30','4','1',5,NULL,3,NULL,1,0,'PPD');
INSERT INTO GAME VALUES(16,'2019','2019-05-23-17:30','4','2',4,17,6,3,2,1,NULL);
INSERT INTO GAME VALUES(17,'2019','2019-05-28-17:30','5','1',1,16,5,17,4,1,'8 innings');
INSERT INTO GAME VALUES(18,'2019','2019-05-28-17:30','5','2',7,22,3,11,6,1,NULL);
INSERT INTO GAME VALUES(19,'2019','2019-05-30-17:30','5','1',4,4,2,19,3,1,'5 innings');
INSERT INTO GAME VALUES(20,'2019','2019-05-30-17:30','5','2',6,7,7,8,5,1,NULL);
INSERT INTO GAME VALUES(21,'2019','2019-06-04-17:30','6','1',3,3,4,19,1,1,NULL);
INSERT INTO GAME VALUES(22,'2019','2019-06-04-17:30','6','2',2,19,5,10,7,1,NULL);
INSERT INTO GAME VALUES(23,'2019','2019-06-06-17:30','6','1',7,17,1,15,2,1,NULL);
INSERT INTO GAME VALUES(24,'2019','2019-06-06-17:30','6','2',6,6,3,15,4,1,NULL);
INSERT INTO GAME VALUES(25,'2019','2019-06-11-17:30','7','1',6,11,2,10,5,1,NULL);
INSERT INTO GAME VALUES(26,'2019','2019-06-11-17:30','7','2',4,24,7,26,3,1,NULL);
INSERT INTO GAME VALUES(27,'2019','2019-06-13-17:30','7','1',1,NULL,4,NULL,7,0,'PPD');
INSERT INTO GAME VALUES(28,'2019','2019-06-13-17:30','7','2',5,NULL,3,NULL,6,0,'PPD');
INSERT INTO GAME VALUES(29,'2019','2019-06-18-17:30','8','1',7,9,6,10,4,1,NULL);
INSERT INTO GAME VALUES(30,'2019','2019-06-18-17:30','8','2',5,5,2,7,1,1,NULL);
INSERT INTO GAME VALUES(31,'2019','2019-06-20-17:30','8','1',3,6,1,10,2,1,NULL);
INSERT INTO GAME VALUES(32,'2019','2019-06-20-17:30','8','2',6,3,4,12,5,1,NULL);
INSERT INTO GAME VALUES(33,'2019','2019-06-25-17:30','9','1',7,15,5,6,6,1,'Double header game 1');
INSERT INTO GAME VALUES(34,'2019','2019-06-25-17:30','9','1',5,7,7,14,6,1,'Double header game 2');
INSERT INTO GAME VALUES(35,'2019','2019-06-25-18:15','9','2',1,15,2,10,3,1,NULL);
INSERT INTO GAME VALUES(36,'2019','2019-06-27-17:30','9','1',3,16,6,21,1,1,NULL);
INSERT INTO GAME VALUES(37,'2019','2019-06-27-17:30','9','2',5,18,4,21,7,1,NULL);
INSERT INTO GAME VALUES(38,'2019','2019-07-09-17:30','11','1',1,12,6,1,5,1,NULL);
INSERT INTO GAME VALUES(39,'2019','2019-07-09-17:30','11','2',2,10,3,5,4,1,NULL);
INSERT INTO GAME VALUES(40,'2019','2019-07-11-17:30','11','1',5,NULL,2,NULL,3,0,'PPD');
INSERT INTO GAME VALUES(41,'2019','2019-07-11-17:30','11','2',7,NULL,4,NULL,6,0,'PPD');
INSERT INTO GAME VALUES(42,'2019','2019-07-16-17:30','12','1',3,5,7,21,2,1,NULL);
INSERT INTO GAME VALUES(43,'2019','2019-07-16-17:30','12','2',5,4,1,22,4,1,NULL);
INSERT INTO GAME VALUES(44,'2019','2019-07-18-17:30','12','1',2,24,4,10,1,1,NULL);
INSERT INTO GAME VALUES(45,'2019','2019-07-18-17:30','12','2',3,31,6,2,7,1,NULL);
INSERT INTO GAME VALUES(46,'2019','2019-07-23-17:30','13','1',4,15,3,10,7,1,'8 innings');
INSERT INTO GAME VALUES(47,'2019','2019-07-23-17:30','13','2',6,24,5,16,2,1,NULL);
INSERT INTO GAME VALUES(48,'2019','2019-07-25-17:30','13','1',2,NULL,7,NULL,5,0,'PPD');
INSERT INTO GAME VALUES(49,'2019','2019-07-25-17:30','13','1',7,13,4,15,5,1,NULL);
INSERT INTO GAME VALUES(50,'2019','2019-07-25-17:30','13','2',1,9,6,12,3,1,NULL);
INSERT INTO GAME VALUES(51,'2019','2019-07-30-17:30','14','1',6,7,2,14,7,1,NULL);
INSERT INTO GAME VALUES(52,'2019','2019-07-30-17:30','14','2',4,3,1,9,3,1,'Double header game 1');
INSERT INTO GAME VALUES(53,'2019','2019-07-30-18:15','14','2',1,11,4,6,3,1,'Double header game 2');
INSERT INTO GAME VALUES(54,'2019','2019-08-01-17:30','14','1',1,24,5,12,6,1,NULL);
INSERT INTO GAME VALUES(55,'2019','2019-08-01-17:30','14','2',7,22,3,11,4,1,NULL);
INSERT INTO GAME VALUES(56,'2019','2019-08-06-17:30','15','1',6,NULL,7,NULL,5,0,'Suspended game');
INSERT INTO GAME VALUES(57,'2019','2019-08-06-17:30','15','2',3,NULL,1,NULL,2,0,'Suspended game');
INSERT INTO GAME VALUES(58,'2019','2019-08-08-17:30','15','1',4,16,5,7,1,1,NULL);
INSERT INTO GAME VALUES(59,'2019','2019-08-08-17:30','15','2',2,15,7,4,6,1,'Double header game 1');
INSERT INTO GAME VALUES(60,'2019','2019-08-08-18:15','15','2',2,13,7,12,6,1,'Double header game 2');
INSERT INTO GAME VALUES(61,'2019','2019-08-13-17:30','muw','1',5,9,3,11,6,1,'Double header game 1');
INSERT INTO GAME VALUES(62,'2019','2019-08-13-18:15','muw','1',5,5,3,9,6,1,'Double header game 2');
INSERT INTO GAME VALUES(63,'2019','2019-08-14-17:30','muw','1',6,21,7,13,5,1,'Completion of suspended game');
INSERT INTO GAME VALUES(64,'2019','2019-08-15-17:30','muw','2',4,7,1,13,3,1,'Make up game');
INSERT INTO GAME VALUES(65,'2019','2019-08-20-17:30','t2','1',6,NULL,4,NULL,3,0,'Tournament round 1 - suspended 2nd inning');
INSERT INTO GAME VALUES(66,'2019','2019-08-20-17:30','t1','2',5,0,1,15,7,1,'Tournament round 1');
INSERT INTO GAME VALUES(67,'2019','2019-08-22-17:30','t3','1',7,13,3,22,1,1,'Tournament round 1');
INSERT INTO GAME VALUES(68,'2019','2019-08-22-17:30','t2','2',6,3,4,13,5,1,'Tournament round 1 - completion of suspended game (5 innings)');
INSERT INTO GAME VALUES(69,'2019','2019-08-22-18:00','c1','2',6,6,5,4,4,1,'Tournament elimination round 1 - 5 innings');
INSERT INTO GAME VALUES(70,'2019','2019-08-24-09:15','t4','1',3,4,2,19,6,1,'Tournament round 2');
INSERT INTO GAME VALUES(71,'2019','2019-08-24-09:15','t5','2',4,18,1,11,7,1,'Tournament round 2');
INSERT INTO GAME VALUES(72,'2019','2019-08-24-10:30','c3','1',3,23,6,21,4,1,'Tournament elimination round 2');
INSERT INTO GAME VALUES(73,'2019','2019-08-24-10:30','c2','2',7,8,1,9,2,1,'Tournament elimination round 2');
INSERT INTO GAME VALUES(74,'2019','2019-08-24-12:30','t6','1',2,15,4,17,7,1,'Tournament semifinals');
INSERT INTO GAME VALUES(75,'2019','2019-08-24-12:30','c4','2',3,10,1,3,6,1,'Tournament elimination round 3');
INSERT INTO GAME VALUES(76,'2019','2019-08-24-13:45','c5','1',2,16,3,9,4,1,'Tournament elimination finals');
INSERT INTO GAME VALUES(77,'2019','2019-08-24-15:00','t7','1',2,16,4,17,3,1,'Tournament championship');
CREATE TABLE IMAGE (
 image_id INTEGER NOT NULL,
 url VARCHAR(1024) NOT NULL,
 year CHAR(4),
 link_text VARCHAR(1024),
 comment VARCHAR(4096),
 CONSTRAINT PK__IMAGE PRIMARY KEY (image_id)
);
INSERT INTO IMAGE VALUES(1,'2020.sebasoftball.org/php5/images/hall-of-fame/AndyPerryHoF2017.jpg','2017',NULL,NULL);
CREATE TABLE HALL_OF_FAME (
 hall_of_fame_id INTEGER NOT NULL,
 person_id INTEGER NOT NULL,
 image_id INTEGER,
 year_inducted CHAR(4) NOT NULL,
 comment VARCHAR(4096),
 CONSTRAINT PK__HALL_OF_FAME PRIMARY KEY (hall_of_fame_id),
 CONSTRAINT FK__HALL_OF_FAME__PERSON FOREIGN KEY (person_id) REFERENCES PERSON,
 CONSTRAINT FK__HALL_OF_FAME__IMAGE FOREIGN KEY (image_id) REFERENCES IMAGE
);
INSERT INTO HALL_OF_FAME VALUES(1,11,1,'2017','August 26 - Andy Perry receiving his plaque from Commissioner Jeff Krzywon.');
COMMIT;
